index,text,true_label,pred_label,confidence,prob_class_0,prob_class_1
37,"đặt hôm qua là hôm nay nhận đc đơn r, ưng sản phẩm bên shop nên chỉ đặt của shop đó giờ",0,1,0.529019129977689,0.470980870022311,0.529019129977689
56,Lợi ích:duong da Kinh nghiệm sử dụng:chua co Hương thơm:k ro  Giao hang nhanh Đung san pham Co qua tang kem  Chua su dung len khong ro Khong bi mop meo,0,1,0.6024214562775815,0.3975785437224186,0.6024214562775815
99,"Giao hàng nhanh. Nhưng bên vận chuyển ném vứt làm bục vỡ chẩy sữa hỏng 3 bịch, sữa bị chẩy ra lên men hỏng gây mùi khó chịu và ướt cả thùng.",0,1,0.9985828528380368,0.0014171471619632,0.9985828528380368
137,Lần đầu mua nên mình k biét nó ra sao để tháng sau quay lại đánhbgias nh,0,1,0.7888675198397186,0.2111324801602813,0.7888675198397186
216,"Nhận đc hàng nhưng bị móp từ hộp giấy bên ngoài đến hộp sữa bên trong, hơi buồn",0,1,0.8917097606324308,0.1082902393675693,0.8917097606324308
223,Hàng chính hãng không có gì để nói về chất lượng canh sale mua nè,0,1,0.578472866104486,0.421527133895514,0.578472866104486
266,"Sản phẩm nhận không như mong đợi, mỏng, nón không được cứng cáp, đội mất form không đẹp 👎👎",0,1,0.9908174863530056,0.0091825136469942,0.9908174863530056
318,100k có giá của 100k này ngoài tiệm bán chắc là k dưới 200,0,1,0.8515912615077718,0.1484087384922283,0.8515912615077718
342,Chất lượng:được tặng 1 lọ dầu gội đầu thank shop,0,1,0.8326086811266311,0.1673913188733688,0.8326086811266311
368,"Shop giao hàng nhanh, sản phẩm nguyên seal mùi thơm lắm. Shop phải kiểm tra lại nguồn hàng xem sao chứ cùng 1 nhóm dưỡng trắng mà cái mùi chai này thì thơm như cái hộp kem dưỡng đợt trc mình xài hết rồi. Còn đợt này mua lại hộp kem dưỡng ban đêm thì thấy nó hôi lắm, hắc mùi hoá chất ko chịu đc. chứ ko thơm dễ chịu như trc",0,1,0.6922298380092867,0.3077701619907132,0.6922298380092867
384,"Bút khi viết còn hay nghẹt mực,nhìn chung sản phẩm ổn,bút ghi êm",0,1,0.6658349345647189,0.3341650654352811,0.6658349345647189
391,Sữa đỗ bể chảy tùm lum k giải quyết 😡😡😡😡,0,1,0.9959896553529132,0.0040103446470868,0.9959896553529132
399,"Serum vào nếp thơm suôn mềm mượt. Điểm trừ là nút nhấn bị kẹt, nhấn ko ra serum, phải mở nắp chai để dùng",0,1,0.8309860388011225,0.1690139611988775,0.8309860388011225
442,"Mịn:ok Kiểm soát dầu:ok  Đại khái là tôi nghe được một câu như thế này, nếu như tôi thích cậu, cậu cũng vừa lúc thích tôi, thì khi tóc cậu rối, tôi sẽ chính tay chỉnh lại gọn nếp và đôi bàn tay tôi sẽ nán lại trên tóc cậu đôi phút, nhưng nếu tôi thích cậu mà không may, cậu không thích tôi, thì khi tóc cậu rối, tôi chỉ có thể nói ""Tóc cậu rối rồi”",0,1,0.701398032627618,0.298601967372382,0.701398032627618
460,Mình hay mua của shop mà vừa rồi giao cho mình 2 lon móp quá trời luôn 😢,0,1,0.7807591737665077,0.2192408262334921,0.7807591737665077
479,quá tuyệt vời chưa bh h thấy trên cõi đời này thật sự tuyệt vời he he,0,1,0.5795791421631006,0.4204208578368993,0.5795791421631006
505,"Cũng mới sài loại này nên đánh giá ban đầu của t là serum hơi lỏng, thoa lên tóc ko có cảm giác bết dính, đc cái thơm.",0,1,0.6219001003263562,0.3780998996736437,0.6219001003263562
510,"Hương vị:sữa đặc Bao bì/Mẫu mã:mẫu mã giống hình shop đăng  Shop bao gói ổn, mua giá flashsale 13k nên không đòi hỏi gì nhiều. Chất lượng sản phẩm chưa uống nên chưa đánh giá được",0,1,0.5055172444712692,0.4944827555287308,0.5055172444712692
517,Shop giao hàng nhanh. Ms đặt hôm 20-21 nhận luôn nè. Chỗ mình đang bị vỡ kho k có ship giao nên đặt hàng mà đc gọi giao hàng là mừng lắm,0,1,0.8684957419730178,0.1315042580269822,0.8684957419730178
535,"Dép đi rất đẹp, m đã mua nhiều đôi bên shop này rồi. Trước mua 1 đôi shop gửi nhầm size mà hoàn hàng lâu lắm chưa thấy hoàn tiền",0,1,0.7285809632504847,0.2714190367495153,0.7285809632504847
545,Nhỏ xíu à đóng gói siêu kĩ luôn. Niêm phong tận mấy lớp. Có dieu k che tên sp. sợ ai để í . Để hàng ở sân chưa kịp về ngta thó mata. Kkk,0,1,0.6861174524050191,0.3138825475949809,0.6861174524050191
655,"Chất lượng tốt lắm. Shop có thể đừng dùng keo trong dán lên nắp được không. Đã rất cố gắng nhiều lần nhưng mở keo ra lần nào cũng bị dính chai, làm chai bám bụi. Nhìn bẩn và mỗi lần sử dụng đều dính dính vào tay.",0,1,0.8212312635649833,0.1787687364350165,0.8212312635649833
657,"Kinh nghiệm sử dụng:chưa dùng Bao bì:sành, nhìn sang  Chưa sài đánh giá để lấy xu",0,1,0.5921768182279904,0.4078231817720096,0.5921768182279904
668,Bao bì:dep Mẹo:khong co Lợi ích:sach gau  Mình hay mua túi cho tiết kiệm nhưng lần này mình mua chai lớn. Tưởng được tặng quà nhưng không có quà gì cả. Vậy là ntn ạ?,0,1,0.9782119293130056,0.0217880706869944,0.9782119293130056
702,"Mua loại 200ml mà vẫn thấy nhỏ hơn so với tưởng tượng, giao hàng nhanh. Đóng hàng ok, nhưng ko thấy hộp đựng bao bì sản phẩm.",0,1,0.6002018580945655,0.3997981419054344,0.6002018580945655
917,Đóng gói ổn hơn mọi lần. Hộp vuông vắn ko bị móp méo. Mua hãng sữa này nhiều rồi mà mãi không thấy sale hic,0,1,0.7116803329416109,0.2883196670583892,0.7116803329416109
939,"Dùng được 1 tuần ngoi lên đánh giá, mình ở trong nhà thôi nên không test mồ hôi đc, thoa lên ráo",0,1,0.6189624758531278,0.3810375241468722,0.6189624758531278
968,Bị bục 1 bịch. Shop nên đóng chống sốc dày hơn.,0,1,0.86452750496742,0.13547249503258,0.86452750496742
979,Sữa nhà dùng gần như là của Dutch Lady... thay đổi bao bì sản phẩm thấy dễ nhầm lẫn với hãng khác. Mình vẫn thích hình cô gái vắt sữa bò cơ kkk,0,1,0.5044271089867974,0.4955728910132025,0.5044271089867974
984,"Shop giao hàng đúng mẫu, nhận hàng chất lượng không như quảng cáo. Giá cả ok",0,1,0.9194074668863028,0.0805925331136971,0.9194074668863028
1104,"chưa dùng thử, do tui không đọc kĩ cách mua nên không có quà đi kèm:(",0,1,0.9489283268720464,0.0510716731279536,0.9489283268720464
1146,"Son chính hãnh, chất lượn 3CE thì mọi người đều thấy rồi.  Màu này mình ko ưng lắm, hơi hồng quá đối với mình",0,1,0.7360135369254402,0.2639864630745597,0.7360135369254402
1196,Trong quá trình vận chuyển đảo lộn làm muỗng nằm ở đáy,0,1,0.877957987615671,0.1220420123843289,0.877957987615671
1229,Luôn tin tưởng hết mk vào shop này. Từ lúc bé 6thg đổi sang sữa này trv lắm các mom ạ. Kp cứ sữa đắt tiền là tốt đâu. Qtrong hợp với bé nhà mk,0,1,0.5020123840751434,0.4979876159248566,0.5020123840751434
1240,"Dùng hơn 1 tuần mới vào Shop đánh giá. Thật sự lúc đầu mình cũng nghĩ không nghĩ kem chấm mụn lại hiệu quả đến vậy. Hiệu quả nhanh, với những nốt mụn mới nổi chỉ bôi vài lần là xẹp. Kem không bết rít, nhanh khô. Nói chung rất hài lòng và sẽ mua tiếp",0,1,0.6728448744275868,0.3271551255724133,0.6728448744275868
1241,Hàng bị móp nhiều rách các góc của hộp nhưng may chưa đổ sữa. Giao hàng chắc hơi mạnh tay,0,1,0.9392757087795548,0.0607242912204452,0.9392757087795548
1322,"Dầu gội siêu thơm, lưu hương lâu. Về giảm gãy rụng thì mình sử dụng chưa đánh giá được. Quá trình vận chuyển có bị đổ ra chút",0,1,0.6324248188782735,0.3675751811217265,0.6324248188782735
1339,Shop nhiệt tình nhắn tin nhanh Gửi hàng cho mình cực sớm luôn Lần sau mình ghé lại,0,1,0.5058011138706385,0.4941988861293615,0.5058011138706385
1367,"Hk biết làm nên hư 1 cái, đã vậy còn dở tiếng anh nữa chớ, nhưng mà hàng đẹp",0,1,0.6610765125929734,0.3389234874070266,0.6610765125929734
1448,Tắm bao nhiêu loại rùi vẫn phải quay về mùi khổ qua này. Nó thơm thật sự mà lại trị mụn lưng nữa rất phù hợp với các loại da kể cả da nhạy cảm như mk,0,1,0.502136003190348,0.497863996809652,0.502136003190348
1502,"Review nhẹ một số dòng sữa con uống tăng cân tốt cho cm quan tâm - Grow đỏ: bé uống dễ tiêu hóa tuy nhiên bé nào uống hạp thì lên kg tốt, k hạp sữa thì k cải thiện nhiều - Dòng Meiji là sữa mát, sữa nội địa nhật,  không lo bón nhưng giá khá cao vs không phải bé nào uống cũng lên kg tốt - Friso: sữa dễ tiêu hóa, vị nhạt thanh gần như sữa mẹ, khá dễ uống, con uống output đẹp. Có thể dùng làm sữa chua hoặc làm bánh cho con đều oki cả - Oggi: sữa giúp bé tăng cân tốt, ko bón, lên tầm 5-6 lạng/tháng, có nhiều vị để thay đổi cho con,ngoài ra dòng này còn có cả sữa công thức pha sẵn có thể tùy khẩu vị để lựa chọn cho bé Muốn con lên cân thì ngoài sữa công thức thì chế độ ăn hàng ngày của bé cũng quan trọng không kém, bổ sung đầy đủ các nhóm chất là việc nên làm để con có thể tăng kg tốt hơn. Mẹ nào cần có thể tham khảo",0,1,0.617211869426354,0.3827881305736461,0.617211869426354
1515,"Giao hàng nhanh, giá rẻ mà nhận được thì ưng lắm, lần trước mua con y hệt mà đánh mất lên phải tìm mua lại thì nó giống 100% chất lượng ổn, mà bền lắm",0,1,0.7103254381497178,0.2896745618502823,0.7103254381497178
1549,"Bao bì/Mẫu mã:sữa tươi dutch lady Hương vị:không đường  Thùng sữa giao tới trong tình trạng còn nguyên vẹn, không bị móp méo hay bị ỉu. Thùng còn nguyên seal, không bị bong tróc nhờ đóng gói kỹ. Bảng thành phần sữa có nhiều chất, hương vị sữa thơm ngon dù là loại không đường. Phù hợp với trẻ nhỏ",0,1,0.5050432568836952,0.4949567431163047,0.5050432568836952
