index,gold_tags,pred_tags,gold_spans,pred_spans,error_type
0,B-COMP I-COMP I-COMP O O,I-COMP B-COMP I-COMP I-COMP I-COMP,"[(0, 2, 'COMP')]","[(1, 4, 'COMP')]",boundary_error
1,O O O O O O O O O O O O O B-COMP I-COMP I-COMP I-COMP I-COMP O O O O O O O O O O O O O O O O O O O O O O O O O O O O O O O O O O O O O O B-COMP I-COMP I-COMP I-COMP I-COMP O O O O O O O O O O O O O O O O O O O O,O O O O O O O O O O I-COMP I-COMP O O B-COMP I-COMP I-COMP I-COMP I-COMP O O I-COMP I-COMP I-COMP I-COMP I-COMP I-COMP I-COMP O O B-COMP I-COMP I-COMP I-COMP I-COMP O O O O O O O O O B-COMP I-COMP I-COMP I-COMP O I-COMP O O O O O O O B-COMP I-COMP I-COMP I-COMP I-COMP I-COMP O B-COMP I-COMP I-COMP I-COMP I-COMP O O O O O O O O O O O O,"[(13, 17, 'COMP'), (56, 60, 'COMP')]","[(14, 18, 'COMP'), (30, 34, 'COMP'), (44, 47, 'COMP'), (57, 62, 'COMP'), (64, 68, 'COMP')]",boundary_error
2,O O O O O O O O O O O B-COMP I-COMP O O O O O O O O O O,O O O O O O O O O O B-COMP O B-COMP I-COMP O O O O O O O O O,"[(11, 12, 'COMP')]","[(10, 10, 'COMP'), (12, 13, 'COMP')]",boundary_error
3,O O O O O O O O O O O O O O O O O O O O O O O O O O O O O O O O O O O O O O O O B-COMP I-COMP I-COMP I-COMP I-COMP I-COMP O B-COMP I-COMP I-COMP I-COMP I-COMP I-COMP O B-COMP I-COMP I-COMP I-COMP I-COMP I-COMP I-COMP I-COMP O B-COMP I-COMP I-COMP I-COMP I-COMP I-COMP I-COMP I-COMP I-COMP I-COMP I-COMP I-COMP I-COMP I-COMP O O O O O O O O,O O O O O O O O O O I-COMP I-COMP I-COMP O O O O O O O O O O O O O O O O O O O O O O O O O O O O O O O B-COMP I-COMP O I-COMP I-COMP I-COMP O B-COMP I-COMP I-COMP I-COMP I-COMP I-COMP I-COMP O O O O O O O O O O O O O O O O O O O O O O O O O O O,"[(40, 45, 'COMP'), (47, 52, 'COMP'), (54, 61, 'COMP'), (63, 76, 'COMP')]","[(44, 45, 'COMP'), (51, 57, 'COMP')]",boundary_error
6,O O O O O O B-COMP I-COMP O O O O O O B-COMP O O O O O O O O O O O O O O O O O O O O O O O O O O O O O O O O O B-COMP I-COMP B-COMP I-COMP I-COMP I-COMP I-COMP I-COMP O B-COMP I-COMP I-COMP,O O O O O O O O I-COMP I-COMP I-COMP I-COMP I-COMP I-COMP O O B-COMP O O O O O O O O O O O O O O O O O O O O O O O O O O O O O O O O O O B-COMP B-COMP I-COMP I-COMP I-COMP O B-COMP I-COMP I-COMP,"[(6, 7, 'COMP'), (14, 14, 'COMP'), (48, 49, 'COMP'), (50, 55, 'COMP'), (57, 59, 'COMP')]","[(16, 16, 'COMP'), (51, 51, 'COMP'), (52, 55, 'COMP'), (57, 59, 'COMP')]",boundary_error
7,O O B-COMP I-COMP O O O O O O O O O O O O O O O O O O O O O O O O O B-COMP I-COMP I-COMP I-COMP O O O O O O O O O O O O O O O O O O O O O O O O O O O O O O O O B-COMP O O O O O O O O O O O O O O O O O O O O O O O O O O O O O O O O O O O O O O O O B-COMP O O O O O O O O O O O O O O O O O O B-COMP I-COMP O O O O O O O O O O O O O O O O O B-COMP I-COMP I-COMP O B-COMP I-COMP I-COMP O O O O O O O O O O O B-COMP I-COMP O O O O O O O O O O O O O O B-COMP I-COMP O O O O,O O O B-COMP I-COMP O O O O O O O O O O O O O O O O O O O O O O O O B-COMP I-COMP I-COMP I-COMP I-COMP O O O O B-COMP I-COMP I-COMP I-COMP O O O O O O O O O O O O O O O O O O O O O O O O I-COMP O O O O O B-COMP I-COMP I-COMP I-COMP I-COMP I-COMP I-COMP O O O O O O O O O B-COMP I-COMP O O B-COMP I-COMP I-COMP I-COMP I-COMP I-COMP I-COMP I-COMP I-COMP O O O O O O O O O O O O O O O O O O O B-COMP I-COMP I-COMP I-COMP I-COMP I-COMP I-COMP I-COMP I-COMP O O O O O O O O O B-COMP I-COMP I-COMP I-COMP I-COMP I-COMP O B-COMP I-COMP I-COMP I-COMP O B-COMP I-COMP I-COMP I-COMP I-COMP I-COMP I-COMP O O O O B-COMP B-COMP I-COMP B-COMP I-COMP O O O O O O O O B-COMP I-COMP O O O O O O O B-COMP,"[(2, 3, 'COMP'), (29, 32, 'COMP'), (65, 65, 'COMP'), (106, 106, 'COMP'), (125, 126, 'COMP'), (144, 146, 'COMP'), (148, 150, 'COMP'), (162, 163, 'COMP'), (178, 179, 'COMP')]","[(3, 4, 'COMP'), (29, 33, 'COMP'), (38, 41, 'COMP'), (72, 78, 'COMP'), (88, 89, 'COMP'), (92, 100, 'COMP'), (120, 128, 'COMP'), (138, 143, 'COMP'), (145, 148, 'COMP'), (150, 156, 'COMP'), (161, 161, 'COMP'), (162, 163, 'COMP'), (164, 165, 'COMP'), (174, 175, 'COMP'), (183, 183, 'COMP')]",boundary_error
9,O O O O O O O O O O B-COMP I-COMP I-COMP I-COMP O O O B-COMP I-COMP O O O O O O O B-COMP I-COMP,O O O O O O O B-COMP I-COMP I-COMP I-COMP B-COMP I-COMP I-COMP I-COMP O O O B-COMP I-COMP O O O O O O O O,"[(10, 13, 'COMP'), (17, 18, 'COMP'), (26, 27, 'COMP')]","[(7, 10, 'COMP'), (11, 14, 'COMP'), (18, 19, 'COMP')]",boundary_error
10,O O O O B-COMP I-COMP I-COMP,O O O O O B-COMP I-COMP,"[(4, 6, 'COMP')]","[(5, 6, 'COMP')]",boundary_error
11,B-COMP I-COMP I-COMP I-COMP I-COMP I-COMP I-COMP I-COMP,I-COMP B-COMP I-COMP I-COMP I-COMP I-COMP O O,"[(0, 7, 'COMP')]","[(1, 5, 'COMP')]",boundary_error
12,O O B-COMP I-COMP I-COMP O O O O O O O O O O B-COMP I-COMP I-COMP I-COMP O O O O B-COMP I-COMP I-COMP I-COMP O O O O O B-COMP I-COMP I-COMP I-COMP I-COMP O O O O O O O O O O O O O O O O O O O O O O O O O O O O O O O O O O O O O O O O O O,O O O O I-COMP I-COMP I-COMP O O B-COMP I-COMP I-COMP O O B-COMP I-COMP I-COMP B-COMP I-COMP I-COMP I-COMP O O O O O O O O O B-COMP I-COMP O I-COMP I-COMP I-COMP I-COMP O O O O O O O O O O O O O O O O O O O O O O O O O O O O O O O O O O O O O O O O O O,"[(2, 4, 'COMP'), (15, 18, 'COMP'), (23, 26, 'COMP'), (32, 36, 'COMP')]","[(9, 11, 'COMP'), (14, 16, 'COMP'), (17, 20, 'COMP'), (30, 31, 'COMP')]",boundary_error
13,O O O O O O O O B-COMP I-COMP I-COMP I-COMP I-COMP O O O O O O B-COMP I-COMP I-COMP I-COMP O O O O O O O O O O O O O O O O O O O O O O O B-COMP I-COMP I-COMP I-COMP I-COMP O,O O O O O O O O O B-COMP I-COMP I-COMP I-COMP I-COMP O O O O O O B-COMP I-COMP I-COMP I-COMP O O O B-COMP I-COMP I-COMP I-COMP O I-COMP I-COMP I-COMP O O O O O O O O O O O O O B-COMP I-COMP I-COMP I-COMP,"[(8, 12, 'COMP'), (19, 22, 'COMP'), (46, 50, 'COMP')]","[(9, 13, 'COMP'), (20, 23, 'COMP'), (27, 30, 'COMP'), (48, 51, 'COMP')]",boundary_error
14,O O B-COMP I-COMP,O O O B-COMP,"[(2, 3, 'COMP')]","[(3, 3, 'COMP')]",boundary_error
15,B-COMP I-COMP O B-COMP I-COMP O O O O O O O O B-COMP I-COMP I-COMP I-COMP I-COMP I-COMP I-COMP I-COMP O O O O O O O O B-COMP I-COMP I-COMP O O O B-COMP I-COMP B-COMP I-COMP I-COMP I-COMP O O O O O O O O O O O O O O O O O O O O O O B-COMP I-COMP I-COMP I-COMP O O O O,O B-COMP I-COMP O B-COMP I-COMP O O O O O O O O B-COMP I-COMP I-COMP I-COMP O O O O O O O O O O O O B-COMP I-COMP I-COMP O O O B-COMP I-COMP B-COMP I-COMP B-COMP I-COMP I-COMP I-COMP I-COMP I-COMP O O O O O O O O O O O O O O O O O O B-COMP I-COMP I-COMP I-COMP I-COMP I-COMP O,"[(0, 1, 'COMP'), (3, 4, 'COMP'), (13, 20, 'COMP'), (29, 31, 'COMP'), (35, 36, 'COMP'), (37, 40, 'COMP'), (63, 66, 'COMP')]","[(1, 2, 'COMP'), (4, 5, 'COMP'), (14, 17, 'COMP'), (30, 32, 'COMP'), (36, 37, 'COMP'), (38, 39, 'COMP'), (40, 45, 'COMP'), (64, 69, 'COMP')]",boundary_error
16,B-COMP I-COMP I-COMP I-COMP O O O O O O O O O O O O O O O O O O O O O B-COMP I-COMP O O O O B-COMP I-COMP I-COMP O O O O O O O O O O O O O O O O O,O B-COMP I-COMP B-COMP I-COMP I-COMP I-COMP O O O O O O O O O O O O B-COMP I-COMP I-COMP O O O O O B-COMP I-COMP O O O O O O O O O O O B-COMP I-COMP I-COMP I-COMP O O O O O O O,"[(0, 3, 'COMP'), (25, 26, 'COMP'), (31, 33, 'COMP')]","[(1, 2, 'COMP'), (3, 6, 'COMP'), (19, 21, 'COMP'), (27, 28, 'COMP'), (40, 43, 'COMP')]",boundary_error
17,O O B-COMP I-COMP O O O O O B-COMP I-COMP O B-COMP I-COMP O O O O O O O O O B-COMP I-COMP I-COMP I-COMP O,O B-COMP O B-COMP I-COMP O O O O B-COMP I-COMP I-COMP O B-COMP I-COMP O O O O O O O O O B-COMP I-COMP I-COMP I-COMP,"[(2, 3, 'COMP'), (9, 10, 'COMP'), (12, 13, 'COMP'), (23, 26, 'COMP')]","[(1, 1, 'COMP'), (3, 4, 'COMP'), (9, 11, 'COMP'), (13, 14, 'COMP'), (24, 27, 'COMP')]",boundary_error
18,O O O O B-COMP I-COMP I-COMP O B-COMP I-COMP I-COMP,O O O O O B-COMP I-COMP I-COMP O B-COMP I-COMP,"[(4, 6, 'COMP'), (8, 10, 'COMP')]","[(5, 7, 'COMP'), (9, 10, 'COMP')]",boundary_error
19,O O O O O O B-COMP I-COMP O O O O O O O O O O O O O O O O O O B-COMP I-COMP I-COMP O O O O O O O O O O O O O O O O O O O B-COMP I-COMP I-COMP O,O O O O O O O B-COMP B-COMP I-COMP O O O O O O O O O O O O O O O O O O B-COMP I-COMP I-COMP O O O O O O O O O O B-COMP I-COMP O O O O O O O O O,"[(6, 7, 'COMP'), (26, 28, 'COMP'), (48, 50, 'COMP')]","[(7, 7, 'COMP'), (8, 9, 'COMP'), (28, 30, 'COMP'), (41, 42, 'COMP')]",boundary_error
20,O O O O O O B-COMP I-COMP O O O O O O O O O O O O O O O O O O O O O O O O O O O,O O O O O O O B-COMP I-COMP I-COMP I-COMP I-COMP I-COMP O B-COMP I-COMP I-COMP I-COMP O O O O O O O O O O O O O O O O O,"[(6, 7, 'COMP')]","[(7, 12, 'COMP'), (14, 17, 'COMP')]",boundary_error
21,O O B-COMP I-COMP I-COMP I-COMP I-COMP I-COMP I-COMP I-COMP I-COMP O O O O O O O O O O O O O O O O O O O O O O O O O O O O O O O O O O O O O O O O O O O O O O O O B-COMP I-COMP I-COMP I-COMP O O O O O B-COMP I-COMP I-COMP I-COMP I-COMP I-COMP O O O O O O O O O,O O O B-COMP B-COMP I-COMP I-COMP I-COMP I-COMP O O O O O O O O O O O O O O O O O O O O O B-COMP I-COMP I-COMP O O O O O O O O O O O O O O O O O O O O O O O O O O O B-COMP I-COMP I-COMP I-COMP O O O O O B-COMP I-COMP I-COMP I-COMP I-COMP I-COMP O O O O O O O O,"[(2, 10, 'COMP'), (59, 62, 'COMP'), (68, 73, 'COMP')]","[(3, 3, 'COMP'), (4, 8, 'COMP'), (30, 32, 'COMP'), (60, 63, 'COMP'), (69, 74, 'COMP')]",boundary_error
22,B-COMP I-COMP I-COMP I-COMP O O O O O O O O O O O O O O O O O O B-COMP I-COMP I-COMP I-COMP I-COMP O O O O O O O O O O O O O O O O O O O O O O B-COMP I-COMP I-COMP O O O O O O O O O O O O O O O O O O O O O O O O O O O O O,O B-COMP I-COMP I-COMP I-COMP I-COMP I-COMP I-COMP I-COMP O O O O O O O O O O O O O O B-COMP I-COMP I-COMP I-COMP I-COMP I-COMP I-COMP I-COMP I-COMP O O O O O O O O O O O O O B-COMP I-COMP I-COMP I-COMP I-COMP B-COMP I-COMP I-COMP I-COMP I-COMP I-COMP B-COMP I-COMP I-COMP I-COMP I-COMP O O O O O O O O O O O O O O O O O O O O,"[(0, 3, 'COMP'), (22, 26, 'COMP'), (49, 51, 'COMP')]","[(1, 8, 'COMP'), (23, 31, 'COMP'), (45, 49, 'COMP'), (50, 55, 'COMP'), (56, 60, 'COMP')]",boundary_error
23,B-COMP I-COMP I-COMP O O B-COMP I-COMP O O O O O O O O O O O O O O O O O,O B-COMP I-COMP I-COMP O B-COMP B-COMP I-COMP O B-COMP I-COMP I-COMP I-COMP I-COMP O O O O O O O O O O,"[(0, 2, 'COMP'), (5, 6, 'COMP')]","[(1, 3, 'COMP'), (5, 5, 'COMP'), (6, 7, 'COMP'), (9, 13, 'COMP')]",boundary_error
24,O O O O O O O O O O O O O O O O O O B-COMP I-COMP I-COMP I-COMP O O O O O O O O O O O O O B-COMP I-COMP I-COMP O O O O O O O O O O O O O O O O O O O O O O O O O O O O O O O O O O O O O O O O O,O O O O O O O O O O O O O O O O O O O O O B-COMP I-COMP I-COMP I-COMP O O O O O O O O O O I-COMP I-COMP I-COMP B-COMP I-COMP I-COMP I-COMP O B-COMP I-COMP I-COMP I-COMP I-COMP I-COMP O I-COMP I-COMP I-COMP I-COMP I-COMP O O O O O I-COMP O O O O O O O O O O O O O O O O O O,"[(18, 21, 'COMP'), (35, 37, 'COMP')]","[(21, 24, 'COMP'), (38, 41, 'COMP'), (43, 48, 'COMP')]",boundary_error
25,O O O O O O O O O O O O O O O O B-COMP I-COMP I-COMP I-COMP O,O O O O O O O O O O O O O O O O O B-COMP I-COMP I-COMP I-COMP,"[(16, 19, 'COMP')]","[(17, 20, 'COMP')]",boundary_error
26,B-COMP I-COMP O B-COMP,B-COMP B-COMP I-COMP O,"[(0, 1, 'COMP'), (3, 3, 'COMP')]","[(0, 0, 'COMP'), (1, 2, 'COMP')]",boundary_error
27,O O O O O O O O O O O O O O O O B-COMP I-COMP I-COMP I-COMP I-COMP I-COMP I-COMP I-COMP O O O O O O O O O O O O O O O O O O O O O B-COMP I-COMP I-COMP I-COMP B-COMP I-COMP I-COMP I-COMP O O,O O O O O O O O O O O O O O O O O B-COMP I-COMP O O O O O O O O O B-COMP O O O O O O O O O O O O O O O O O O B-COMP I-COMP I-COMP I-COMP I-COMP B-COMP I-COMP I-COMP,"[(16, 23, 'COMP'), (45, 48, 'COMP'), (49, 52, 'COMP')]","[(17, 18, 'COMP'), (28, 28, 'COMP'), (47, 51, 'COMP'), (52, 54, 'COMP')]",boundary_error
28,O B-COMP I-COMP I-COMP O O O O O,O O B-COMP I-COMP I-COMP I-COMP I-COMP O I-COMP,"[(1, 3, 'COMP')]","[(2, 6, 'COMP')]",boundary_error
29,B-COMP I-COMP O B-COMP I-COMP O B-COMP I-COMP I-COMP O O O O O O O O O O O O O B-COMP I-COMP I-COMP I-COMP O O O O O O O O O,O B-COMP I-COMP O B-COMP I-COMP O B-COMP I-COMP I-COMP O B-COMP I-COMP I-COMP I-COMP I-COMP I-COMP O O O O O O O B-COMP I-COMP I-COMP I-COMP O O O B-COMP I-COMP I-COMP I-COMP,"[(0, 1, 'COMP'), (3, 4, 'COMP'), (6, 8, 'COMP'), (22, 25, 'COMP')]","[(1, 2, 'COMP'), (4, 5, 'COMP'), (7, 9, 'COMP'), (11, 16, 'COMP'), (24, 27, 'COMP'), (31, 34, 'COMP')]",boundary_error
30,O B-COMP I-COMP O O O O O O O O O O O O O O O O O O O B-COMP I-COMP I-COMP O O O O O O O O O O O O O O O O O O O B-COMP I-COMP I-COMP O B-COMP I-COMP I-COMP I-COMP O O O O O O O O O O O O O O O O O O O O O O O O O O O O O O O O O O O O O O O O O O O O,O O B-COMP I-COMP O O O O O O O O O O O O B-COMP I-COMP I-COMP O O O O O B-COMP I-COMP I-COMP O O O O O O O O O O O O O O O O O B-COMP I-COMP I-COMP I-COMP I-COMP O B-COMP I-COMP I-COMP I-COMP O O O O O O O O O O O O O O O O O O O O O O O O O O O O O O O O O O O O O O O O O O,"[(1, 2, 'COMP'), (22, 24, 'COMP'), (44, 46, 'COMP'), (48, 51, 'COMP')]","[(2, 3, 'COMP'), (16, 18, 'COMP'), (24, 26, 'COMP'), (44, 48, 'COMP'), (50, 53, 'COMP')]",boundary_error
31,B-COMP I-COMP I-COMP O O O O O O O O,O B-COMP I-COMP I-COMP O O O O O O O,"[(0, 2, 'COMP')]","[(1, 3, 'COMP')]",boundary_error
32,B-COMP I-COMP I-COMP I-COMP B-COMP I-COMP I-COMP B-COMP I-COMP I-COMP B-COMP I-COMP I-COMP I-COMP I-COMP O O O O B-COMP I-COMP I-COMP,O B-COMP I-COMP I-COMP I-COMP B-COMP B-COMP I-COMP I-COMP I-COMP I-COMP B-COMP I-COMP I-COMP I-COMP I-COMP O O O O O O,"[(0, 3, 'COMP'), (4, 6, 'COMP'), (7, 9, 'COMP'), (10, 14, 'COMP'), (19, 21, 'COMP')]","[(1, 4, 'COMP'), (5, 5, 'COMP'), (6, 10, 'COMP'), (11, 15, 'COMP')]",boundary_error
33,B-COMP I-COMP I-COMP I-COMP O B-COMP I-COMP I-COMP I-COMP I-COMP I-COMP I-COMP I-COMP O O O O O O O B-COMP I-COMP I-COMP I-COMP O O O O O O O O O B-COMP I-COMP I-COMP I-COMP O O O B-COMP I-COMP I-COMP I-COMP I-COMP I-COMP O O O O O O O B-COMP I-COMP I-COMP I-COMP I-COMP O,O B-COMP I-COMP I-COMP I-COMP O O O O O O O B-COMP I-COMP O O O O O O O O B-COMP I-COMP I-COMP I-COMP O O O O O O O O O O O O O O O O B-COMP I-COMP I-COMP I-COMP I-COMP I-COMP I-COMP O O O O O O O B-COMP I-COMP I-COMP,"[(0, 3, 'COMP'), (5, 12, 'COMP'), (20, 23, 'COMP'), (33, 36, 'COMP'), (40, 45, 'COMP'), (53, 57, 'COMP')]","[(1, 4, 'COMP'), (12, 13, 'COMP'), (22, 25, 'COMP'), (42, 48, 'COMP'), (56, 58, 'COMP')]",boundary_error
34,O O O O B-COMP I-COMP I-COMP I-COMP I-COMP,O O O O O B-COMP I-COMP I-COMP I-COMP,"[(4, 8, 'COMP')]","[(5, 8, 'COMP')]",boundary_error
35,O O B-COMP I-COMP I-COMP,B-COMP B-COMP O B-COMP I-COMP,"[(2, 4, 'COMP')]","[(0, 0, 'COMP'), (1, 1, 'COMP'), (3, 4, 'COMP')]",boundary_error
36,O O B-COMP I-COMP I-COMP O B-COMP I-COMP O O O O O O O O O O O O O O O O B-COMP I-COMP I-COMP I-COMP O O O O O O O O O O O O O O O O O O O O O O O O O O B-COMP I-COMP O B-COMP I-COMP O O O O O O O O O O O O O O O O O O O O O O O O O O O O O O O B-COMP I-COMP I-COMP O O O O O O O O,O B-COMP I-COMP I-COMP I-COMP I-COMP O B-COMP I-COMP O O O O O O O O O O O O O O O O B-COMP I-COMP I-COMP I-COMP I-COMP I-COMP O O O O O O O O O O O O O O O O O O O O O O O O O O O O B-COMP I-COMP I-COMP B-COMP I-COMP O O O O O O O O O O O O O O O B-COMP I-COMP I-COMP B-COMP I-COMP I-COMP I-COMP I-COMP I-COMP O O O O O O O O B-COMP I-COMP I-COMP O O,"[(2, 4, 'COMP'), (6, 7, 'COMP'), (24, 27, 'COMP'), (54, 55, 'COMP'), (57, 58, 'COMP'), (90, 92, 'COMP')]","[(1, 5, 'COMP'), (7, 8, 'COMP'), (25, 30, 'COMP'), (59, 61, 'COMP'), (62, 63, 'COMP'), (79, 81, 'COMP'), (82, 87, 'COMP'), (96, 98, 'COMP')]",boundary_error
37,B-COMP I-COMP I-COMP O B-COMP,O B-COMP I-COMP I-COMP O,"[(0, 2, 'COMP'), (4, 4, 'COMP')]","[(1, 3, 'COMP')]",boundary_error
38,O O O O O O O O O O O O O O O O O O O O O O O O O O O B-COMP I-COMP I-COMP I-COMP I-COMP I-COMP I-COMP O B-COMP I-COMP I-COMP I-COMP I-COMP I-COMP I-COMP B-COMP I-COMP O O O O O O O O O O O O O O O O O O O O O O O,O O O O O O O O O O O O O O O O O O O O O O O O O O O O O O O O O O O O O O O O O O B-COMP I-COMP I-COMP I-COMP I-COMP I-COMP I-COMP I-COMP O O O O O O O O O O O O O O O O O,"[(27, 33, 'COMP'), (35, 41, 'COMP'), (42, 43, 'COMP')]","[(42, 49, 'COMP')]",boundary_error
41,O O O O O O O O O O O O O O B-COMP I-COMP I-COMP I-COMP I-COMP I-COMP O O O O O O O O O O O O O O O O O O O O O O O O O O O O O O O O O B-COMP I-COMP O O O O O O O O O O O O O O O O O O,O O O O O O O O O O O O O O O B-COMP I-COMP I-COMP I-COMP I-COMP I-COMP O O O O O O I-COMP O O O O O O O O O O O B-COMP I-COMP O I-COMP I-COMP I-COMP I-COMP I-COMP O O O O O O O O B-COMP I-COMP O O O O O O O O O O O O O O O O,"[(14, 19, 'COMP'), (53, 54, 'COMP')]","[(15, 20, 'COMP'), (39, 40, 'COMP'), (55, 56, 'COMP')]",boundary_error
43,O O O O O O O O O O O B-COMP I-COMP I-COMP O O O O O O O O B-COMP I-COMP O O O O B-COMP I-COMP I-COMP I-COMP O O O O O O O O O O O B-COMP I-COMP I-COMP I-COMP I-COMP I-COMP O O O O O O O B-COMP I-COMP O B-COMP O O O O O O O B-COMP I-COMP I-COMP O O O O O O O O O O B-COMP I-COMP I-COMP O O O O O O O O O O O O B-COMP I-COMP I-COMP O O O O O O B-COMP I-COMP I-COMP I-COMP I-COMP O B-COMP O O O O B-COMP I-COMP,O O O O O O O O O O O O B-COMP I-COMP I-COMP O O O O O B-COMP I-COMP I-COMP I-COMP I-COMP O O O O B-COMP I-COMP I-COMP I-COMP O O O O O O B-COMP I-COMP O I-COMP I-COMP I-COMP I-COMP I-COMP I-COMP I-COMP I-COMP I-COMP O O O O O B-COMP I-COMP I-COMP I-COMP I-COMP I-COMP O O O O O O O O O O O O O O O O O O O O O O B-COMP I-COMP O O O O O O O O O O O O O O B-COMP I-COMP I-COMP O O O O O O O I-COMP O O O O I-COMP O,"[(11, 13, 'COMP'), (22, 23, 'COMP'), (28, 31, 'COMP'), (43, 48, 'COMP'), (56, 57, 'COMP'), (59, 59, 'COMP'), (67, 69, 'COMP'), (80, 82, 'COMP'), (95, 97, 'COMP'), (104, 108, 'COMP'), (110, 110, 'COMP'), (115, 116, 'COMP')]","[(12, 14, 'COMP'), (20, 24, 'COMP'), (29, 32, 'COMP'), (39, 40, 'COMP'), (56, 61, 'COMP'), (84, 85, 'COMP'), (100, 102, 'COMP')]",boundary_error
44,O O O O O O O B-COMP I-COMP I-COMP O B-COMP I-COMP I-COMP O O O B-COMP I-COMP I-COMP O B-COMP I-COMP I-COMP I-COMP,O O O O O O B-COMP I-COMP I-COMP B-COMP I-COMP I-COMP O B-COMP I-COMP I-COMP O B-COMP I-COMP I-COMP I-COMP I-COMP O B-COMP I-COMP,"[(7, 9, 'COMP'), (11, 13, 'COMP'), (17, 19, 'COMP'), (21, 24, 'COMP')]","[(6, 8, 'COMP'), (9, 11, 'COMP'), (13, 15, 'COMP'), (17, 21, 'COMP'), (23, 24, 'COMP')]",boundary_error
45,O O O O O O O O B-COMP I-COMP I-COMP O O B-COMP I-COMP I-COMP O O O O O O O O O O,O O O O O O O O O B-COMP I-COMP I-COMP O B-COMP I-COMP I-COMP I-COMP B-COMP I-COMP O O O O O B-COMP I-COMP,"[(8, 10, 'COMP'), (13, 15, 'COMP')]","[(9, 11, 'COMP'), (13, 16, 'COMP'), (17, 18, 'COMP'), (24, 25, 'COMP')]",boundary_error
46,O O O O O O O B-COMP I-COMP I-COMP I-COMP O O O O B-COMP I-COMP I-COMP I-COMP I-COMP I-COMP I-COMP I-COMP I-COMP O,O O O O O O B-COMP I-COMP I-COMP I-COMP B-COMP I-COMP O O O O I-COMP O O B-COMP I-COMP I-COMP I-COMP I-COMP I-COMP,"[(7, 10, 'COMP'), (15, 23, 'COMP')]","[(6, 9, 'COMP'), (10, 11, 'COMP'), (19, 24, 'COMP')]",boundary_error
47,O O O O O O O O O O O O O O O O O O O O O O O O O B-COMP I-COMP I-COMP O O O O O O O O O O O O O O O B-COMP I-COMP O O O O O O O O O O O O O O O O O O O O O O O O O O O O O O O O O O O O O O O O O O O O O B-COMP I-COMP O O O B-COMP I-COMP I-COMP O O O O O O O O O O O O O O O O O O O O,O O O O O O O O O O O O O O O O O O O B-COMP I-COMP I-COMP I-COMP I-COMP O I-COMP I-COMP I-COMP I-COMP O O B-COMP I-COMP I-COMP I-COMP I-COMP O O O O O O O O O O O O O O O O O O B-COMP I-COMP B-COMP I-COMP O O O O I-COMP O O O O O O O O O O O O O O I-COMP O O O O O O O O O O O O O I-COMP O I-COMP O O O B-COMP I-COMP O O O O B-COMP I-COMP O O O O I-COMP I-COMP O O O O O O O,"[(25, 27, 'COMP'), (43, 44, 'COMP'), (90, 91, 'COMP'), (95, 97, 'COMP')]","[(19, 23, 'COMP'), (31, 35, 'COMP'), (54, 55, 'COMP'), (56, 57, 'COMP'), (97, 98, 'COMP'), (103, 104, 'COMP')]",boundary_error
48,B-COMP I-COMP I-COMP I-COMP I-COMP B-COMP I-COMP O B-COMP I-COMP O B-COMP I-COMP I-COMP O B-COMP I-COMP,B-COMP B-COMP I-COMP I-COMP I-COMP I-COMP O B-COMP I-COMP I-COMP I-COMP O B-COMP I-COMP I-COMP O B-COMP,"[(0, 4, 'COMP'), (5, 6, 'COMP'), (8, 9, 'COMP'), (11, 13, 'COMP'), (15, 16, 'COMP')]","[(0, 0, 'COMP'), (1, 5, 'COMP'), (7, 10, 'COMP'), (12, 14, 'COMP'), (16, 16, 'COMP')]",boundary_error
49,O O O O O O O O O O O O O O O O O O O O B-COMP I-COMP O B-COMP I-COMP I-COMP I-COMP I-COMP I-COMP I-COMP I-COMP O O O O O O O O O O O O O O O O,O O O O O O O O O O O O O O O O O O O O O O O O B-COMP I-COMP O B-COMP I-COMP I-COMP I-COMP I-COMP I-COMP I-COMP I-COMP O O O O O O O O O O O O,"[(20, 21, 'COMP'), (23, 30, 'COMP')]","[(24, 25, 'COMP'), (27, 34, 'COMP')]",boundary_error
50,O O B-COMP O O O O O B-COMP I-COMP I-COMP B-COMP I-COMP,O O B-COMP I-COMP O O O O O B-COMP I-COMP I-COMP O,"[(2, 2, 'COMP'), (8, 10, 'COMP'), (11, 12, 'COMP')]","[(2, 3, 'COMP'), (9, 11, 'COMP')]",boundary_error
51,O O O B-COMP I-COMP I-COMP I-COMP I-COMP I-COMP I-COMP I-COMP I-COMP O O O O O O O O O B-COMP I-COMP I-COMP I-COMP I-COMP O O O O O O O O O O O O O O O O O O O O O O O O O O O O O O O O O,O O O O B-COMP I-COMP I-COMP I-COMP I-COMP I-COMP I-COMP O O O O O O O B-COMP I-COMP I-COMP I-COMP I-COMP I-COMP I-COMP I-COMP I-COMP O O O O O O O O O O O O O B-COMP I-COMP O B-COMP I-COMP I-COMP I-COMP O O O O O O O O O O O O,"[(3, 11, 'COMP'), (21, 25, 'COMP')]","[(4, 10, 'COMP'), (18, 26, 'COMP'), (40, 41, 'COMP'), (43, 46, 'COMP')]",boundary_error
52,O O O O O O O O O B-COMP O B-COMP I-COMP I-COMP B-COMP I-COMP I-COMP I-COMP I-COMP I-COMP I-COMP I-COMP I-COMP I-COMP B-COMP I-COMP I-COMP I-COMP I-COMP I-COMP I-COMP I-COMP I-COMP I-COMP I-COMP I-COMP I-COMP I-COMP I-COMP I-COMP I-COMP I-COMP I-COMP I-COMP I-COMP I-COMP,O O O O O O O O O O O O O B-COMP I-COMP I-COMP O O O O O B-COMP I-COMP I-COMP I-COMP I-COMP O O O O O O O O O O O O O O O O O O O O,"[(9, 9, 'COMP'), (11, 13, 'COMP'), (14, 23, 'COMP'), (24, 45, 'COMP')]","[(13, 15, 'COMP'), (21, 25, 'COMP')]",boundary_error
53,O O O O O O B-COMP I-COMP I-COMP O O O O O O O O O O O O O O O B-COMP I-COMP I-COMP I-COMP I-COMP I-COMP I-COMP I-COMP O B-COMP I-COMP I-COMP I-COMP I-COMP,O O O O O O O O O O O O O O O O O O O O O O O O O B-COMP I-COMP I-COMP O O B-COMP I-COMP I-COMP O B-COMP I-COMP I-COMP I-COMP,"[(6, 8, 'COMP'), (24, 31, 'COMP'), (33, 37, 'COMP')]","[(25, 27, 'COMP'), (30, 32, 'COMP'), (34, 37, 'COMP')]",boundary_error
54,O O O O O O O O O B-COMP I-COMP I-COMP I-COMP,O O O O O O O O O O B-COMP I-COMP I-COMP,"[(9, 12, 'COMP')]","[(10, 12, 'COMP')]",boundary_error
55,O O O O B-COMP I-COMP O O B-COMP I-COMP I-COMP I-COMP I-COMP I-COMP O O B-COMP I-COMP I-COMP I-COMP I-COMP,O O O O O B-COMP I-COMP O O O O O B-COMP I-COMP I-COMP O I-COMP O B-COMP I-COMP I-COMP,"[(4, 5, 'COMP'), (8, 13, 'COMP'), (16, 20, 'COMP')]","[(5, 6, 'COMP'), (12, 14, 'COMP'), (18, 20, 'COMP')]",boundary_error
56,B-COMP I-COMP I-COMP I-COMP I-COMP I-COMP I-COMP I-COMP I-COMP O B-COMP I-COMP I-COMP I-COMP I-COMP O B-COMP I-COMP I-COMP I-COMP I-COMP I-COMP I-COMP I-COMP I-COMP I-COMP I-COMP,O O O O O O O O O O O B-COMP I-COMP I-COMP B-COMP I-COMP O B-COMP I-COMP I-COMP I-COMP I-COMP O O O O O,"[(0, 8, 'COMP'), (10, 14, 'COMP'), (16, 26, 'COMP')]","[(11, 13, 'COMP'), (14, 15, 'COMP'), (17, 21, 'COMP')]",boundary_error
57,O O O O O O O O O O B-COMP I-COMP I-COMP O B-COMP I-COMP B-COMP I-COMP I-COMP I-COMP O O O O O O O O O O O O O O O,O O O O O O O O O O O B-COMP I-COMP I-COMP B-COMP I-COMP I-COMP B-COMP I-COMP I-COMP I-COMP O O O O O O O O O O O O O O,"[(10, 12, 'COMP'), (14, 15, 'COMP'), (16, 19, 'COMP')]","[(11, 13, 'COMP'), (14, 16, 'COMP'), (17, 20, 'COMP')]",boundary_error
58,O O O O O O O O O O O O O O O B-COMP I-COMP I-COMP I-COMP I-COMP I-COMP O O O B-COMP I-COMP I-COMP O O O O O O O O O,O O O O O O O O O O O O O O O B-COMP I-COMP I-COMP I-COMP I-COMP I-COMP I-COMP O O O B-COMP I-COMP I-COMP O O O O O O O O,"[(15, 20, 'COMP'), (24, 26, 'COMP')]","[(15, 21, 'COMP'), (25, 27, 'COMP')]",boundary_error
59,O O O O O B-COMP I-COMP O O O O O O O O B-COMP I-COMP I-COMP B-COMP I-COMP O O B-COMP I-COMP I-COMP I-COMP I-COMP,O O O O O O B-COMP I-COMP O O O O B-COMP I-COMP I-COMP I-COMP O O O B-COMP I-COMP I-COMP O B-COMP I-COMP I-COMP I-COMP,"[(5, 6, 'COMP'), (15, 17, 'COMP'), (18, 19, 'COMP'), (22, 26, 'COMP')]","[(6, 7, 'COMP'), (12, 15, 'COMP'), (19, 21, 'COMP'), (23, 26, 'COMP')]",boundary_error
60,O O O O O O O O O O O O B-COMP I-COMP I-COMP I-COMP O O O O,O O O O O O O O O O O O O B-COMP I-COMP I-COMP I-COMP O O O,"[(12, 15, 'COMP')]","[(13, 16, 'COMP')]",boundary_error
61,O O O O O O B-COMP I-COMP,O O O O O O O B-COMP,"[(6, 7, 'COMP')]","[(7, 7, 'COMP')]",boundary_error
62,B-COMP I-COMP I-COMP O O O,O B-COMP I-COMP I-COMP O O,"[(0, 2, 'COMP')]","[(1, 3, 'COMP')]",boundary_error
63,O O O O B-COMP I-COMP I-COMP I-COMP B-COMP I-COMP I-COMP O O O O O O O O O O O O O O O O O O O O B-COMP I-COMP O O O B-COMP I-COMP I-COMP O O O B-COMP I-COMP I-COMP I-COMP I-COMP O O O O O O O,O O O O O B-COMP I-COMP I-COMP I-COMP I-COMP B-COMP I-COMP I-COMP O O O O O O O O O O O O O O O O O O O O O B-COMP I-COMP O O O O O O O O O O O B-COMP I-COMP O O O O O,"[(4, 7, 'COMP'), (8, 10, 'COMP'), (31, 32, 'COMP'), (36, 38, 'COMP'), (42, 46, 'COMP')]","[(5, 9, 'COMP'), (10, 12, 'COMP'), (34, 35, 'COMP'), (47, 48, 'COMP')]",boundary_error
64,O O O O O O O O O O O O O O O B-COMP I-COMP,O O O O O O O O O O O O O O O O B-COMP,"[(15, 16, 'COMP')]","[(16, 16, 'COMP')]",boundary_error
66,B-COMP I-COMP I-COMP I-COMP I-COMP I-COMP,I-COMP B-COMP I-COMP I-COMP I-COMP I-COMP,"[(0, 5, 'COMP')]","[(1, 5, 'COMP')]",boundary_error
67,O O B-COMP I-COMP I-COMP B-COMP I-COMP I-COMP I-COMP O O B-COMP I-COMP I-COMP I-COMP I-COMP I-COMP,I-COMP B-COMP I-COMP I-COMP I-COMP I-COMP B-COMP I-COMP I-COMP I-COMP O O B-COMP I-COMP I-COMP I-COMP I-COMP,"[(2, 4, 'COMP'), (5, 8, 'COMP'), (11, 16, 'COMP')]","[(1, 5, 'COMP'), (6, 9, 'COMP'), (12, 16, 'COMP')]",boundary_error
68,O O O O B-COMP I-COMP I-COMP O B-COMP I-COMP I-COMP O,O O O O O B-COMP I-COMP I-COMP O B-COMP I-COMP I-COMP,"[(4, 6, 'COMP'), (8, 10, 'COMP')]","[(5, 7, 'COMP'), (9, 11, 'COMP')]",boundary_error
69,O B-COMP I-COMP I-COMP I-COMP I-COMP I-COMP I-COMP O O O O O O O,O O O O O O B-COMP I-COMP I-COMP O O O O O O,"[(1, 7, 'COMP')]","[(6, 8, 'COMP')]",boundary_error
70,O O O O O B-COMP I-COMP I-COMP I-COMP I-COMP,O O O O O O B-COMP I-COMP I-COMP I-COMP,"[(5, 9, 'COMP')]","[(6, 9, 'COMP')]",boundary_error
71,B-COMP I-COMP I-COMP I-COMP O O O B-COMP I-COMP O O O O O O O O,O B-COMP I-COMP I-COMP I-COMP I-COMP O O O B-COMP I-COMP O B-COMP I-COMP I-COMP I-COMP I-COMP,"[(0, 3, 'COMP'), (7, 8, 'COMP')]","[(1, 5, 'COMP'), (9, 10, 'COMP'), (12, 16, 'COMP')]",boundary_error
72,O O O O O O O O O B-COMP I-COMP O O O O O B-COMP I-COMP I-COMP I-COMP O O O O O O O O O O B-COMP I-COMP I-COMP O B-COMP I-COMP O B-COMP I-COMP O,O O O O O O O O O O O O B-COMP I-COMP B-COMP I-COMP I-COMP I-COMP O B-COMP I-COMP I-COMP I-COMP O O O O O B-COMP I-COMP I-COMP O I-COMP B-COMP I-COMP I-COMP O B-COMP I-COMP O,"[(9, 10, 'COMP'), (16, 19, 'COMP'), (30, 32, 'COMP'), (34, 35, 'COMP'), (37, 38, 'COMP')]","[(12, 13, 'COMP'), (14, 17, 'COMP'), (19, 22, 'COMP'), (28, 30, 'COMP'), (33, 35, 'COMP'), (37, 38, 'COMP')]",boundary_error
73,O O O O O O O O O O O O O O O O O O O O O O B-COMP I-COMP I-COMP O O O O O O O O O O O B-COMP I-COMP I-COMP I-COMP I-COMP O O O O O B-COMP I-COMP I-COMP I-COMP I-COMP I-COMP I-COMP I-COMP O O O O O O O O O O O O O O O O O O O O O O O O O O O O,O O B-COMP I-COMP O O O O O O O O O O O O O O O O B-COMP I-COMP O B-COMP I-COMP I-COMP O B-COMP I-COMP I-COMP I-COMP I-COMP I-COMP I-COMP I-COMP O O O B-COMP I-COMP I-COMP B-COMP I-COMP O O B-COMP O O B-COMP I-COMP I-COMP B-COMP I-COMP I-COMP I-COMP I-COMP O O O O O O O O O O O O O O O O O O O O O O O O O O,"[(22, 24, 'COMP'), (36, 40, 'COMP'), (46, 53, 'COMP')]","[(2, 3, 'COMP'), (20, 21, 'COMP'), (23, 25, 'COMP'), (27, 34, 'COMP'), (38, 40, 'COMP'), (41, 42, 'COMP'), (45, 45, 'COMP'), (48, 50, 'COMP'), (51, 55, 'COMP')]",boundary_error
74,O B-COMP I-COMP O O O O O O O O O,I-COMP O B-COMP I-COMP I-COMP I-COMP O B-COMP I-COMP I-COMP I-COMP I-COMP,"[(1, 2, 'COMP')]","[(2, 5, 'COMP'), (7, 11, 'COMP')]",boundary_error
75,O B-COMP I-COMP O O B-COMP I-COMP O O O O O O O O O O O O O O O O O O O O O O O O,O B-COMP I-COMP I-COMP O B-COMP I-COMP I-COMP I-COMP I-COMP I-COMP I-COMP O O O O O O O O O O O O O O O O O O O,"[(1, 2, 'COMP'), (5, 6, 'COMP')]","[(1, 3, 'COMP'), (5, 11, 'COMP')]",boundary_error
76,O O O O O O O O O O O O O O O O O O O O O O B-COMP I-COMP I-COMP O O O O B-COMP I-COMP I-COMP O O O O B-COMP I-COMP I-COMP I-COMP,O O O O O B-COMP O O O O O O O O O O O O O O O O O O O B-COMP I-COMP I-COMP O O O O O O O O O B-COMP I-COMP O,"[(22, 24, 'COMP'), (29, 31, 'COMP'), (36, 39, 'COMP')]","[(5, 5, 'COMP'), (25, 27, 'COMP'), (37, 38, 'COMP')]",boundary_error
77,O O O O O O O O O O O O B-COMP I-COMP I-COMP I-COMP O O,O O O O O O O O O O O O O O B-COMP I-COMP I-COMP I-COMP,"[(12, 15, 'COMP')]","[(14, 17, 'COMP')]",boundary_error
78,B-COMP I-COMP I-COMP I-COMP I-COMP O O O O O,O B-COMP B-COMP I-COMP I-COMP I-COMP O O O O,"[(0, 4, 'COMP')]","[(1, 1, 'COMP'), (2, 5, 'COMP')]",boundary_error
79,B-COMP I-COMP I-COMP I-COMP I-COMP O B-COMP I-COMP I-COMP O O B-COMP I-COMP I-COMP I-COMP I-COMP I-COMP B-COMP I-COMP I-COMP O O O O,O B-COMP I-COMP I-COMP I-COMP I-COMP O B-COMP I-COMP I-COMP O O O O I-COMP O B-COMP I-COMP I-COMP O O I-COMP O O,"[(0, 4, 'COMP'), (6, 8, 'COMP'), (11, 16, 'COMP'), (17, 19, 'COMP')]","[(1, 5, 'COMP'), (7, 9, 'COMP'), (16, 18, 'COMP')]",boundary_error
80,B-COMP I-COMP I-COMP I-COMP I-COMP I-COMP O O O O O B-COMP O O O O O O O O O O O O O O O O O O O O B-COMP I-COMP I-COMP O O O O O O B-COMP I-COMP I-COMP I-COMP I-COMP O O B-COMP I-COMP I-COMP I-COMP I-COMP I-COMP O,O O O O B-COMP I-COMP I-COMP I-COMP O O O O O O O O O O O O O O O O O O O O B-COMP I-COMP O O O O O O O O O O O B-COMP I-COMP O O O O O O O O O O O O,"[(0, 5, 'COMP'), (11, 11, 'COMP'), (32, 34, 'COMP'), (41, 45, 'COMP'), (48, 53, 'COMP')]","[(4, 7, 'COMP'), (28, 29, 'COMP'), (41, 42, 'COMP')]",boundary_error
81,B-COMP I-COMP I-COMP O O O O O O O O O O O O O O O O O O O O O O O O O O O O O O O O B-COMP I-COMP I-COMP I-COMP I-COMP I-COMP I-COMP I-COMP O O O O O O O O B-COMP I-COMP O O O O O O O O O O O O O O O O O O O O O O O O O O O O O O O O O O O O O O O O,O B-COMP I-COMP I-COMP O O O O O O O O O O O O O O O O O O B-COMP I-COMP O O O O O O O O B-COMP O O O O B-COMP I-COMP I-COMP I-COMP I-COMP I-COMP I-COMP I-COMP O O O O I-COMP I-COMP B-COMP I-COMP I-COMP I-COMP O O O O O O O O O O O O O O O O O O O O O O O O O O O O O O O O O O O O O O,"[(0, 2, 'COMP'), (35, 42, 'COMP'), (51, 52, 'COMP')]","[(1, 3, 'COMP'), (22, 23, 'COMP'), (32, 32, 'COMP'), (37, 44, 'COMP'), (51, 54, 'COMP')]",boundary_error
82,O O O O O O B-COMP I-COMP I-COMP O O O O O O O B-COMP I-COMP O O O O O O O O O O O O,O O B-COMP I-COMP O O O O B-COMP I-COMP O O O O O O B-COMP I-COMP I-COMP O B-COMP I-COMP O O O O O O O O,"[(6, 8, 'COMP'), (16, 17, 'COMP')]","[(2, 3, 'COMP'), (8, 9, 'COMP'), (16, 18, 'COMP'), (20, 21, 'COMP')]",boundary_error
83,O O O O B-COMP I-COMP I-COMP I-COMP I-COMP I-COMP O B-COMP I-COMP O O O B-COMP I-COMP I-COMP I-COMP I-COMP O O O O O O O O B-COMP I-COMP I-COMP I-COMP I-COMP I-COMP I-COMP,O O O O O B-COMP I-COMP I-COMP I-COMP I-COMP I-COMP O O O B-COMP I-COMP I-COMP O B-COMP I-COMP B-COMP I-COMP I-COMP I-COMP O O O O O O O O O O O O,"[(4, 9, 'COMP'), (11, 12, 'COMP'), (16, 20, 'COMP'), (29, 35, 'COMP')]","[(5, 10, 'COMP'), (14, 16, 'COMP'), (18, 19, 'COMP'), (20, 23, 'COMP')]",boundary_error
84,O O O O O B-COMP I-COMP,O O O O O O B-COMP,"[(5, 6, 'COMP')]","[(6, 6, 'COMP')]",boundary_error
85,O O O O O O O O O O O O O O O O O O O B-COMP I-COMP I-COMP I-COMP I-COMP B-COMP I-COMP I-COMP I-COMP I-COMP,O O O O O O O O O O O O O I-COMP O O O O O O B-COMP I-COMP I-COMP I-COMP I-COMP B-COMP I-COMP O B-COMP,"[(19, 23, 'COMP'), (24, 28, 'COMP')]","[(20, 24, 'COMP'), (25, 26, 'COMP'), (28, 28, 'COMP')]",boundary_error
86,O O O O B-COMP I-COMP I-COMP I-COMP I-COMP O O O O O B-COMP I-COMP I-COMP O O O O O O O O O O O O O B-COMP,O O O B-COMP O I-COMP O O O O O O O O O B-COMP I-COMP I-COMP O O O O O O O O O O O B-COMP I-COMP,"[(4, 8, 'COMP'), (14, 16, 'COMP'), (30, 30, 'COMP')]","[(3, 3, 'COMP'), (15, 17, 'COMP'), (29, 30, 'COMP')]",boundary_error
87,B-COMP I-COMP B-COMP I-COMP I-COMP I-COMP I-COMP I-COMP O O O O O,O B-COMP I-COMP O O O O O O O O O O,"[(0, 1, 'COMP'), (2, 7, 'COMP')]","[(1, 2, 'COMP')]",boundary_error
88,O O O O O O O O O B-COMP I-COMP I-COMP I-COMP I-COMP I-COMP O O O B-COMP I-COMP O B-COMP I-COMP I-COMP I-COMP O O O O O B-COMP I-COMP I-COMP I-COMP I-COMP I-COMP I-COMP O O O O O O O O O O O O O O O O O O O O O O O O O O O O O O O O O O O O O O O O O O O O O O,O O O O O O O O O O O B-COMP I-COMP I-COMP I-COMP I-COMP I-COMP O B-COMP O B-COMP I-COMP O B-COMP I-COMP I-COMP I-COMP O O O O O B-COMP I-COMP I-COMP I-COMP O I-COMP I-COMP O O O O O O O O O O O O O O O O O O O O O O O O O O O O O O O O O O O O O O O O O O O O,"[(9, 14, 'COMP'), (18, 19, 'COMP'), (21, 24, 'COMP'), (30, 36, 'COMP')]","[(11, 16, 'COMP'), (18, 18, 'COMP'), (20, 21, 'COMP'), (23, 26, 'COMP'), (32, 35, 'COMP')]",boundary_error
91,O O O B-COMP I-COMP I-COMP,O O O O B-COMP I-COMP,"[(3, 5, 'COMP')]","[(4, 5, 'COMP')]",boundary_error
92,B-COMP I-COMP O O O O O O O O O O O O O O B-COMP I-COMP O O O O O O O O O O O O O O O O O O O O O O O O O O O O O O O O O O B-COMP I-COMP I-COMP I-COMP O O O O O O O O,O B-COMP I-COMP I-COMP I-COMP I-COMP O O O O O O O O O O O O B-COMP I-COMP I-COMP I-COMP I-COMP I-COMP O O B-COMP I-COMP I-COMP I-COMP I-COMP I-COMP I-COMP I-COMP I-COMP O B-COMP I-COMP O O O O O O O O B-COMP I-COMP I-COMP O O O O O O O O O O O O O O O,"[(0, 1, 'COMP'), (16, 17, 'COMP'), (52, 55, 'COMP')]","[(1, 5, 'COMP'), (18, 23, 'COMP'), (26, 34, 'COMP'), (36, 37, 'COMP'), (46, 48, 'COMP')]",boundary_error
93,O O O O O O O O O O O O O O O O O O O O O O O O O O O O O O O O O O O O O B-COMP I-COMP I-COMP O O O B-COMP I-COMP I-COMP I-COMP,O O O O O O O O O O O O O O O O O O O O O O O O O O O I-COMP I-COMP I-COMP I-COMP I-COMP I-COMP I-COMP I-COMP I-COMP I-COMP O B-COMP I-COMP I-COMP O B-COMP I-COMP I-COMP I-COMP I-COMP,"[(37, 39, 'COMP'), (43, 46, 'COMP')]","[(38, 40, 'COMP'), (42, 46, 'COMP')]",boundary_error
94,O O O O O B-COMP I-COMP I-COMP,O O O O O O B-COMP I-COMP,"[(5, 7, 'COMP')]","[(6, 7, 'COMP')]",boundary_error
97,O O O O O O O O O O O O O B-COMP I-COMP I-COMP B-COMP I-COMP I-COMP,O O O O O O O O O O O O O O O O O B-COMP I-COMP,"[(13, 15, 'COMP'), (16, 18, 'COMP')]","[(17, 18, 'COMP')]",boundary_error
98,O O O O O B-COMP I-COMP O O O O O O O O O O O B-COMP I-COMP I-COMP I-COMP I-COMP O B-COMP I-COMP I-COMP I-COMP I-COMP I-COMP O B-COMP I-COMP I-COMP,O O O O O O B-COMP I-COMP O B-COMP I-COMP I-COMP I-COMP I-COMP O O O O O B-COMP I-COMP I-COMP I-COMP I-COMP O B-COMP I-COMP I-COMP I-COMP I-COMP I-COMP O B-COMP I-COMP,"[(5, 6, 'COMP'), (18, 22, 'COMP'), (24, 29, 'COMP'), (31, 33, 'COMP')]","[(6, 7, 'COMP'), (9, 13, 'COMP'), (19, 23, 'COMP'), (25, 30, 'COMP'), (32, 33, 'COMP')]",boundary_error
99,O O O O O O O O B-COMP I-COMP I-COMP I-COMP I-COMP I-COMP I-COMP O O O O O O O O O O O O O O O O O O O O O O O O O O O O O O O O O O O O O O O O O O O O,O O O O O O O O O O O O B-COMP B-COMP I-COMP B-COMP I-COMP I-COMP I-COMP O O O O O O O O O O O O O O O O O O O O O O O O O O O O O O O O B-COMP I-COMP O O O O O O,"[(8, 14, 'COMP')]","[(12, 12, 'COMP'), (13, 14, 'COMP'), (15, 18, 'COMP'), (51, 52, 'COMP')]",boundary_error
